INSERT INTO Codesystem(CODESYSTEM_ID,CODE_SYSTEM_URI) VALUES(953,'http://hl7.org/fhir/ValueSet/service-category');
INSERT INTO Concept(CONCEPT_ID,ABSTRACTCODE,CODE,DISPLAY,CODESYSTEM_ID) VALUES(33100,FALSE,'1','Adoption',953);
INSERT INTO Concept(CONCEPT_ID,ABSTRACTCODE,CODE,DISPLAY,CODESYSTEM_ID) VALUES(33101,FALSE,'2','Aged Care',953);
INSERT INTO Concept(CONCEPT_ID,ABSTRACTCODE,CODE,DISPLAY,CODESYSTEM_ID) VALUES(33102,FALSE,'34','Allied Health',953);
INSERT INTO Concept(CONCEPT_ID,ABSTRACTCODE,CODE,DISPLAY,CODESYSTEM_ID) VALUES(33103,FALSE,'3','Alternative/Complementary Therapies',953);
INSERT INTO Concept(CONCEPT_ID,ABSTRACTCODE,CODE,DISPLAY,CODESYSTEM_ID) VALUES(33104,FALSE,'4','Child Care Kindergarten',953);
INSERT INTO Concept(CONCEPT_ID,ABSTRACTCODE,CODE,DISPLAY,CODESYSTEM_ID) VALUES(33105,FALSE,'5','Child Development',953);
INSERT INTO Concept(CONCEPT_ID,ABSTRACTCODE,CODE,DISPLAY,CODESYSTEM_ID) VALUES(33106,FALSE,'6','Child Protection and Family Services',953);
INSERT INTO Concept(CONCEPT_ID,ABSTRACTCODE,CODE,DISPLAY,CODESYSTEM_ID) VALUES(33107,FALSE,'7','Community Health Care',953);
INSERT INTO Concept(CONCEPT_ID,ABSTRACTCODE,CODE,DISPLAY,CODESYSTEM_ID) VALUES(33108,FALSE,'8','Counselling',953);
INSERT INTO Concept(CONCEPT_ID,ABSTRACTCODE,CODE,DISPLAY,CODESYSTEM_ID) VALUES(33109,FALSE,'36','Crisis Line',953);
INSERT INTO Concept(CONCEPT_ID,ABSTRACTCODE,CODE,DISPLAY,CODESYSTEM_ID) VALUES(33110,FALSE,'9','Death Services',953);
INSERT INTO Concept(CONCEPT_ID,ABSTRACTCODE,CODE,DISPLAY,CODESYSTEM_ID) VALUES(33111,FALSE,'10','Dental',953);
INSERT INTO Concept(CONCEPT_ID,ABSTRACTCODE,CODE,DISPLAY,CODESYSTEM_ID) VALUES(33112,FALSE,'11','Disability Support',953);
INSERT INTO Concept(CONCEPT_ID,ABSTRACTCODE,CODE,DISPLAY,CODESYSTEM_ID) VALUES(33113,FALSE,'12','Drug/Alcohol',953);
INSERT INTO Concept(CONCEPT_ID,ABSTRACTCODE,CODE,DISPLAY,CODESYSTEM_ID) VALUES(33114,FALSE,'13','Education and Learning',953);
INSERT INTO Concept(CONCEPT_ID,ABSTRACTCODE,CODE,DISPLAY,CODESYSTEM_ID) VALUES(33115,FALSE,'14','Emergency Department',953);
INSERT INTO Concept(CONCEPT_ID,ABSTRACTCODE,CODE,DISPLAY,CODESYSTEM_ID) VALUES(33116,FALSE,'15','Employment',953);
INSERT INTO Concept(CONCEPT_ID,ABSTRACTCODE,CODE,DISPLAY,CODESYSTEM_ID) VALUES(33117,FALSE,'16','Financial & Material Aid',953);
INSERT INTO Concept(CONCEPT_ID,ABSTRACTCODE,CODE,DISPLAY,CODESYSTEM_ID) VALUES(33118,FALSE,'17','General Practice',953);
INSERT INTO Concept(CONCEPT_ID,ABSTRACTCODE,CODE,DISPLAY,CODESYSTEM_ID) VALUES(33119,FALSE,'35','Hospital',953);
INSERT INTO Concept(CONCEPT_ID,ABSTRACTCODE,CODE,DISPLAY,CODESYSTEM_ID) VALUES(33120,FALSE,'18','Housing/Homelessness',953);
INSERT INTO Concept(CONCEPT_ID,ABSTRACTCODE,CODE,DISPLAY,CODESYSTEM_ID) VALUES(33121,FALSE,'19','Interpreting',953);
INSERT INTO Concept(CONCEPT_ID,ABSTRACTCODE,CODE,DISPLAY,CODESYSTEM_ID) VALUES(33122,FALSE,'20','Justice',953);
INSERT INTO Concept(CONCEPT_ID,ABSTRACTCODE,CODE,DISPLAY,CODESYSTEM_ID) VALUES(33123,FALSE,'21','Legal',953);
INSERT INTO Concept(CONCEPT_ID,ABSTRACTCODE,CODE,DISPLAY,CODESYSTEM_ID) VALUES(33124,FALSE,'22','Mental Health',953);
INSERT INTO Concept(CONCEPT_ID,ABSTRACTCODE,CODE,DISPLAY,CODESYSTEM_ID) VALUES(33125,FALSE,'38','NDIA',953);
INSERT INTO Concept(CONCEPT_ID,ABSTRACTCODE,CODE,DISPLAY,CODESYSTEM_ID) VALUES(33126,FALSE,'23','Physical Activity and Recreation',953);
INSERT INTO Concept(CONCEPT_ID,ABSTRACTCODE,CODE,DISPLAY,CODESYSTEM_ID) VALUES(33127,FALSE,'24','Regulation',953);
INSERT INTO Concept(CONCEPT_ID,ABSTRACTCODE,CODE,DISPLAY,CODESYSTEM_ID) VALUES(33128,FALSE,'25','Respite Carer Support',953);
INSERT INTO Concept(CONCEPT_ID,ABSTRACTCODE,CODE,DISPLAY,CODESYSTEM_ID) VALUES(33129,FALSE,'26','Specialist Clinical Pathology',953);
INSERT INTO Concept(CONCEPT_ID,ABSTRACTCODE,CODE,DISPLAY,CODESYSTEM_ID) VALUES(33130,FALSE,'27','Specialist Medical',953);
INSERT INTO Concept(CONCEPT_ID,ABSTRACTCODE,CODE,DISPLAY,CODESYSTEM_ID) VALUES(33131,FALSE,'28','Specialist Obstetrics and Gynaecology',953);
INSERT INTO Concept(CONCEPT_ID,ABSTRACTCODE,CODE,DISPLAY,CODESYSTEM_ID) VALUES(33132,FALSE,'29','Specialist Paediatric',953);
INSERT INTO Concept(CONCEPT_ID,ABSTRACTCODE,CODE,DISPLAY,CODESYSTEM_ID) VALUES(33133,FALSE,'30','Specialist Radiology Imaging',953);
INSERT INTO Concept(CONCEPT_ID,ABSTRACTCODE,CODE,DISPLAY,CODESYSTEM_ID) VALUES(33134,FALSE,'31','Specialist Surgical',953);
INSERT INTO Concept(CONCEPT_ID,ABSTRACTCODE,CODE,DISPLAY,CODESYSTEM_ID) VALUES(33135,FALSE,'32','Support Groups',953);
INSERT INTO Concept(CONCEPT_ID,ABSTRACTCODE,CODE,DISPLAY,CODESYSTEM_ID) VALUES(33136,FALSE,'37','Test Message',953);
INSERT INTO Concept(CONCEPT_ID,ABSTRACTCODE,CODE,DISPLAY,CODESYSTEM_ID) VALUES(33137,FALSE,'33','Transport',953);
INSERT INTO Concept(CONCEPT_ID,ABSTRACTCODE,CODE,DISPLAY,CODESYSTEM_ID) VALUES(33138,FALSE,'310144008','General dental surgery service',9);
INSERT INTO Concept(CONCEPT_ID,ABSTRACTCODE,CODE,DISPLAY,CODESYSTEM_ID) VALUES(33139,FALSE,'310080006','Pharmacy service',9);
INSERT INTO Concept(CONCEPT_ID,ABSTRACTCODE,CODE,DISPLAY,CODESYSTEM_ID) VALUES(33140,FALSE,'225728007','Accident and Emergency department',9);
INSERT INTO Concept(CONCEPT_ID,ABSTRACTCODE,CODE,DISPLAY,CODESYSTEM_ID) VALUES(33141,FALSE,'829961000000104','Out of hours service',9);
INSERT INTO System(SYSTEM_ID,SYSTEM_URI,SYSTEM_NAME) VALUES(1014,'https://fhir.nhs.uk/Id/accredited-system-identifier', 'NHS Spine ASID');
INSERT INTO Organisation (ORGANISATION_ID,RES_DELETED,RES_CREATED,RES_MESSAGE_REF,RES_UPDATED,active,ENT_NAME,partOf,TYPE_CONCEPT_ID) VALUES (80001,NULL,NULL,NULL,NULL,TRUE,'Acme Dental Services',NULL,87);
INSERT INTO Organisation (ORGANISATION_ID,RES_DELETED,RES_CREATED,RES_MESSAGE_REF,RES_UPDATED,active,ENT_NAME,partOf,TYPE_CONCEPT_ID) VALUES (80002,NULL,NULL,NULL,NULL,TRUE,'Bigtown Hospital',NULL,87);
INSERT INTO Organisation (ORGANISATION_ID,RES_DELETED,RES_CREATED,RES_MESSAGE_REF,RES_UPDATED,active,ENT_NAME,partOf,TYPE_CONCEPT_ID) VALUES (80003,NULL,NULL,NULL,NULL,TRUE,'Quietvillage GP',NULL,87);
INSERT INTO Organisation (ORGANISATION_ID,RES_DELETED,RES_CREATED,RES_MESSAGE_REF,RES_UPDATED,active,ENT_NAME,partOf,TYPE_CONCEPT_ID) VALUES (80004,NULL,NULL,NULL,NULL,TRUE,'Shoes Pharmacy',NULL,87);
INSERT INTO Organisation (ORGANISATION_ID,RES_DELETED,RES_CREATED,RES_MESSAGE_REF,RES_UPDATED,active,ENT_NAME,partOf,TYPE_CONCEPT_ID) VALUES (80005,NULL,NULL,NULL,NULL,TRUE,'Daybird GP Surgery',NULL,87);
INSERT INTO OrganisationIdentifier(ORGANISATION_IDENTIFIER_ID,IDENTIFIER_VALUE,SYSTEM_ID,ORGANISATION_ID) VALUES(80001,'Z998',3,80001);
INSERT INTO OrganisationIdentifier(ORGANISATION_IDENTIFIER_ID,IDENTIFIER_VALUE,SYSTEM_ID,ORGANISATION_ID) VALUES(80002,'Z997',3,80002);
INSERT INTO OrganisationIdentifier(ORGANISATION_IDENTIFIER_ID,IDENTIFIER_VALUE,SYSTEM_ID,ORGANISATION_ID) VALUES(80003,'Z996',3,80003);
INSERT INTO OrganisationIdentifier(ORGANISATION_IDENTIFIER_ID,IDENTIFIER_VALUE,SYSTEM_ID,ORGANISATION_ID) VALUES(80004,'Z995',3,80004);
INSERT INTO OrganisationIdentifier(ORGANISATION_IDENTIFIER_ID,IDENTIFIER_VALUE,SYSTEM_ID,ORGANISATION_ID) VALUES(80005,'Z994',3,80005);
INSERT INTO Location (LOCATION_ID,RES_DELETED,RES_CREATED,RES_MESSAGE_REF,RES_UPDATED,ENT_NAME,status,MANAGING_ORGANISATION_ID,physicalType,TYPE_CONCEPT_ID) VALUES (80001,NULL,NULL,NULL,NULL,'Acme Medical Centre',0,NULL,479,463);
INSERT INTO Location (LOCATION_ID,RES_DELETED,RES_CREATED,RES_MESSAGE_REF,RES_UPDATED,ENT_NAME,status,MANAGING_ORGANISATION_ID,physicalType,TYPE_CONCEPT_ID) VALUES (80002,NULL,NULL,NULL,NULL,'Bigtown Hospital',0,NULL,479,463);
INSERT INTO Location (LOCATION_ID,RES_DELETED,RES_CREATED,RES_MESSAGE_REF,RES_UPDATED,ENT_NAME,status,MANAGING_ORGANISATION_ID,physicalType,TYPE_CONCEPT_ID) VALUES (80003,NULL,NULL,NULL,NULL,'Quietvillage GP Surgery',0,NULL,479,463);
INSERT INTO Location (LOCATION_ID,RES_DELETED,RES_CREATED,RES_MESSAGE_REF,RES_UPDATED,ENT_NAME,status,MANAGING_ORGANISATION_ID,physicalType,TYPE_CONCEPT_ID) VALUES (80004,NULL,NULL,NULL,NULL,'Shoes Pharmacy',0,NULL,479,463);
INSERT INTO Location (LOCATION_ID,RES_DELETED,RES_CREATED,RES_MESSAGE_REF,RES_UPDATED,ENT_NAME,status,MANAGING_ORGANISATION_ID,physicalType,TYPE_CONCEPT_ID) VALUES (80005,NULL,NULL,NULL,NULL,'Daybird GP Surgery',0,NULL,479,463);
INSERT INTO LocationIdentifier (LOCATION_IDENTIFIER_ID,identifierUse,listOrder,IDENTIFIER_VALUE,SYSTEM_ID,LOCATION_ID) VALUES (80001,0,NULL,'Z998',2,80001);
INSERT INTO LocationIdentifier (LOCATION_IDENTIFIER_ID,identifierUse,listOrder,IDENTIFIER_VALUE,SYSTEM_ID,LOCATION_ID) VALUES (80002,0,NULL,'Z997',2,80002);
INSERT INTO LocationIdentifier (LOCATION_IDENTIFIER_ID,identifierUse,listOrder,IDENTIFIER_VALUE,SYSTEM_ID,LOCATION_ID) VALUES (80003,0,NULL,'Z996',2,80003);
INSERT INTO LocationIdentifier (LOCATION_IDENTIFIER_ID,identifierUse,listOrder,IDENTIFIER_VALUE,SYSTEM_ID,LOCATION_ID) VALUES (80004,0,NULL,'Z995',2,80004);
INSERT INTO LocationIdentifier (LOCATION_IDENTIFIER_ID,identifierUse,listOrder,IDENTIFIER_VALUE,SYSTEM_ID,LOCATION_ID) VALUES (80005,0,NULL,'Z994',2,80005);
INSERT INTO HealthcareService (SERVICE_ID,RES_CREATED,RES_DELETED,RES_MESSAGE_REF,RES_UPDATED,ACTIVE,NAME,ORGANISATION_ID) VALUES(80001,NULL,NULL,NULL,NULL,TRUE,'Acme Emergency Dental Service',80001);
INSERT INTO HealthcareService (SERVICE_ID,RES_CREATED,RES_DELETED,RES_MESSAGE_REF,RES_UPDATED,ACTIVE,NAME,ORGANISATION_ID) VALUES(80002,NULL,NULL,NULL,NULL,TRUE,'Bigtown UTC',80002);
INSERT INTO HealthcareService (SERVICE_ID,RES_CREATED,RES_DELETED,RES_MESSAGE_REF,RES_UPDATED,ACTIVE,NAME,ORGANISATION_ID) VALUES(80003,NULL,NULL,NULL,NULL,TRUE,'Quietvillage',80003);
INSERT INTO HealthcareService (SERVICE_ID,RES_CREATED,RES_DELETED,RES_MESSAGE_REF,RES_UPDATED,ACTIVE,NAME,ORGANISATION_ID) VALUES(80004,NULL,NULL,NULL,NULL,TRUE,'Shoes Pharmacy',80004);
INSERT INTO HealthcareService (SERVICE_ID,RES_CREATED,RES_DELETED,RES_MESSAGE_REF,RES_UPDATED,ACTIVE,NAME,ORGANISATION_ID) VALUES(80005,NULL,NULL,NULL,NULL,TRUE,'Nightowl OOH GP',80005);
INSERT INTO HealthcareServiceIdentifier (SERVICE_IDENTIFIER_ID,RES_CREATED,RES_DELETED,RES_MESSAGE_REF,RES_UPDATED,IDENTIFIERUSE,SYSTEM_ID,IDENTIFIER_VALUE,SERVICE_ID) VALUES(80001,NULL,NULL,NULL,NULL,1,1014,'123456789011',80001);
INSERT INTO HealthcareServiceIdentifier (SERVICE_IDENTIFIER_ID,RES_CREATED,RES_DELETED,RES_MESSAGE_REF,RES_UPDATED,IDENTIFIERUSE,SYSTEM_ID,IDENTIFIER_VALUE,SERVICE_ID) VALUES(80002,NULL,NULL,NULL,NULL,1,1014,'123456789012',80002);
INSERT INTO HealthcareServiceIdentifier (SERVICE_IDENTIFIER_ID,RES_CREATED,RES_DELETED,RES_MESSAGE_REF,RES_UPDATED,IDENTIFIERUSE,SYSTEM_ID,IDENTIFIER_VALUE,SERVICE_ID) VALUES(80003,NULL,NULL,NULL,NULL,1,1014,'133456789013',80003);
INSERT INTO HealthcareServiceIdentifier (SERVICE_IDENTIFIER_ID,RES_CREATED,RES_DELETED,RES_MESSAGE_REF,RES_UPDATED,IDENTIFIERUSE,SYSTEM_ID,IDENTIFIER_VALUE,SERVICE_ID) VALUES(80004,NULL,NULL,NULL,NULL,1,1014,'143456789014',80004);
INSERT INTO HealthcareServiceIdentifier (SERVICE_IDENTIFIER_ID,RES_CREATED,RES_DELETED,RES_MESSAGE_REF,RES_UPDATED,IDENTIFIERUSE,SYSTEM_ID,IDENTIFIER_VALUE,SERVICE_ID) VALUES(80005,NULL,NULL,NULL,NULL,1,1014,'153456789015',80005);
INSERT INTO Practitioner(PRACTITIONER_ID,gender) VALUES(80001,'MALE');
INSERT INTO Practitioner(PRACTITIONER_ID,gender) VALUES(80002,'MALE');
INSERT INTO Practitioner(PRACTITIONER_ID,gender) VALUES(80003,'FEMALE');
INSERT INTO Practitioner(PRACTITIONER_ID,gender) VALUES(80004,'MALE');
INSERT INTO Practitioner(PRACTITIONER_ID,gender) VALUES(80005,'MALE');
INSERT INTO Practitioner(PRACTITIONER_ID,gender) VALUES(80006,'FEMALE');
INSERT INTO Practitioner(PRACTITIONER_ID,gender) VALUES(80007,'MALE');
INSERT INTO PractitionerIdentifier(PRACTITIONER_IDENTIFIER_ID,IDENTIFIER_VALUE,SYSTEM_ID,PRACTITIONER_ID) VALUES(80001,'123456',5,80001);
INSERT INTO PractitionerIdentifier(PRACTITIONER_IDENTIFIER_ID,IDENTIFIER_VALUE,SYSTEM_ID,PRACTITIONER_ID) VALUES(80002,'234567',5,80002);
INSERT INTO PractitionerIdentifier(PRACTITIONER_IDENTIFIER_ID,IDENTIFIER_VALUE,SYSTEM_ID,PRACTITIONER_ID) VALUES(80003,'345678',5,80003);
INSERT INTO PractitionerIdentifier(PRACTITIONER_IDENTIFIER_ID,IDENTIFIER_VALUE,SYSTEM_ID,PRACTITIONER_ID) VALUES(80004,'456789',5,80004);
INSERT INTO PractitionerIdentifier(PRACTITIONER_IDENTIFIER_ID,IDENTIFIER_VALUE,SYSTEM_ID,PRACTITIONER_ID) VALUES(80005,'567900',5,80005);
INSERT INTO PractitionerIdentifier(PRACTITIONER_IDENTIFIER_ID,IDENTIFIER_VALUE,SYSTEM_ID,PRACTITIONER_ID) VALUES(80006,'679011',5,80006);
INSERT INTO PractitionerIdentifier(PRACTITIONER_IDENTIFIER_ID,IDENTIFIER_VALUE,SYSTEM_ID,PRACTITIONER_ID) VALUES(80007,'790122',5,80007);
INSERT INTO PractitionerName(PRACTITIONER_ID,PRACTITIONER_NAME_ID,family_name,given_name,prefix) VALUES(80001,80001,'Dentist','David','Mr.');
INSERT INTO PractitionerName(PRACTITIONER_ID,PRACTITIONER_NAME_ID,family_name,given_name,prefix) VALUES(80002,80002,'Tooth','Clive','Mr.');
INSERT INTO PractitionerName(PRACTITIONER_ID,PRACTITIONER_NAME_ID,family_name,given_name,prefix) VALUES(80003,80003,'Nurse','Dental','Mrs.');
INSERT INTO PractitionerName(PRACTITIONER_ID,PRACTITIONER_NAME_ID,family_name,given_name,prefix) VALUES(80004,80004,'Doctor','Doctor','Dr.');
INSERT INTO PractitionerName(PRACTITIONER_ID,PRACTITIONER_NAME_ID,family_name,given_name,prefix) VALUES(80005,80005,'Nurse','Nurse','Mr.');
INSERT INTO PractitionerName(PRACTITIONER_ID,PRACTITIONER_NAME_ID,family_name,given_name,prefix) VALUES(80006,80006,'Nurse','Sister','Ms.');
INSERT INTO PractitionerName(PRACTITIONER_ID,PRACTITIONER_NAME_ID,family_name,given_name,prefix) VALUES(80007,80007,'Pill','Mike','Mr.');
INSERT INTO PractitionerRole (PRACTITIONER_ROLE_ID,PRACTITIONER_ID,role) VALUES (80001,80001,894);
INSERT INTO PractitionerRole (PRACTITIONER_ROLE_ID,PRACTITIONER_ID,role) VALUES (80002,80002,894);
INSERT INTO PractitionerRole (PRACTITIONER_ROLE_ID,PRACTITIONER_ID,role) VALUES (80003,80003,932);
INSERT INTO PractitionerRole (PRACTITIONER_ROLE_ID,PRACTITIONER_ID,role) VALUES (80004,80004,491);
INSERT INTO PractitionerRole (PRACTITIONER_ROLE_ID,PRACTITIONER_ID,role) VALUES (80005,80005,931);
INSERT INTO PractitionerRole (PRACTITIONER_ROLE_ID,PRACTITIONER_ID,role) VALUES (80006,80006,931);
INSERT INTO PractitionerRole (PRACTITIONER_ROLE_ID,PRACTITIONER_ID,role) VALUES (80007,80007,492);
INSERT INTO Schedule (SCHEDULE_ID,ACTIVE,COMMENT) VALUES (80001,TRUE,'Schedule for Acme Emergency Dentist Service at Acme Medical Centre');
INSERT INTO Schedule (SCHEDULE_ID,ACTIVE,COMMENT) VALUES (80002,TRUE,'Schedule for Bigtown UTC');
INSERT INTO Schedule (SCHEDULE_ID,ACTIVE,COMMENT) VALUES (80003,TRUE,'Schedule for Quietvillage UTC');
INSERT INTO Schedule (SCHEDULE_ID,ACTIVE,COMMENT) VALUES (80004,TRUE,'Schedule for Shoes pharmacy');
INSERT INTO Schedule (SCHEDULE_ID,ACTIVE,COMMENT) VALUES (80005,TRUE,'Schedule for Nightowl OOH GP');
INSERT INTO ScheduleActor (SCHEDULE_ACTOR_ID,SCHEDULE_ACTOR_HEALTHCARE_SERVICE,SCHEDULE_ACTOR_LOCATION,SCHEDULE_ACTOR_PRACTITIONER_ROLE,SCHEDULE_ACTOR_PRACTITIONER,SCHEDULE_ID) VALUES(80001,80001,NULL,80001,NULL,80001);
INSERT INTO ScheduleActor (SCHEDULE_ACTOR_ID,SCHEDULE_ACTOR_HEALTHCARE_SERVICE,SCHEDULE_ACTOR_LOCATION,SCHEDULE_ACTOR_PRACTITIONER_ROLE,SCHEDULE_ACTOR_PRACTITIONER,SCHEDULE_ID) VALUES(80002,80002,NULL,NULL,80007,80002);
INSERT INTO ScheduleActor (SCHEDULE_ACTOR_ID,SCHEDULE_ACTOR_HEALTHCARE_SERVICE,SCHEDULE_ACTOR_LOCATION,SCHEDULE_ACTOR_PRACTITIONER_ROLE,SCHEDULE_ACTOR_PRACTITIONER,SCHEDULE_ID) VALUES(80003,80003,NULL,80004,NULL,80003);
INSERT INTO ScheduleActor (SCHEDULE_ACTOR_ID,SCHEDULE_ACTOR_HEALTHCARE_SERVICE,SCHEDULE_ACTOR_LOCATION,SCHEDULE_ACTOR_PRACTITIONER_ROLE,SCHEDULE_ACTOR_PRACTITIONER,SCHEDULE_ID) VALUES(80004,80004,NULL,80007,NULL,80004);
INSERT INTO ScheduleActor (SCHEDULE_ACTOR_ID,SCHEDULE_ACTOR_HEALTHCARE_SERVICE,SCHEDULE_ACTOR_LOCATION,SCHEDULE_ACTOR_PRACTITIONER_ROLE,SCHEDULE_ACTOR_PRACTITIONER,SCHEDULE_ID) VALUES(80005,80005,NULL,NULL,80005,80005);
INSERT INTO Slot (SLOT_ID,ACTIVE,SLOT_END,SLOT_STATUS,SLOT_START,APPOINTMENT_TYPE,SCHEDULE,SERVICE_CATEGORY) VALUES(80001,TRUE,current_date + '10:15:00'::time,1,current_date + '10:00:00'::time,29311,80001,33111);
INSERT INTO Slot (SLOT_ID,ACTIVE,SLOT_END,SLOT_STATUS,SLOT_START,APPOINTMENT_TYPE,SCHEDULE,SERVICE_CATEGORY) VALUES(80002,TRUE,current_date + '10:30:00'::time,0,current_date + '10:15:01'::time,29311,80001,33111);
INSERT INTO Slot (SLOT_ID,ACTIVE,SLOT_END,SLOT_STATUS,SLOT_START,APPOINTMENT_TYPE,SCHEDULE,SERVICE_CATEGORY) VALUES(80003,TRUE,current_date + '10:45:00'::time,1,current_date + '10:30:01'::time,29311,80001,33111);
INSERT INTO Slot (SLOT_ID,ACTIVE,SLOT_END,SLOT_STATUS,SLOT_START,APPOINTMENT_TYPE,SCHEDULE,SERVICE_CATEGORY) VALUES(80004,TRUE,current_date + '11:10:00'::time,0,current_date + '10:45:01'::time,29311,80001,33111);
INSERT INTO Slot (SLOT_ID,ACTIVE,SLOT_END,SLOT_STATUS,SLOT_START,APPOINTMENT_TYPE,SCHEDULE,SERVICE_CATEGORY) VALUES(80005,TRUE,current_date + '11:15:00'::time,1,current_date + '11:00:01'::time,29311,80001,33111);
INSERT INTO Slot (SLOT_ID,ACTIVE,SLOT_END,SLOT_STATUS,SLOT_START,APPOINTMENT_TYPE,SCHEDULE,SERVICE_CATEGORY) VALUES(80006,TRUE,current_date + '11:30:00'::time,1,current_date + '11:15:01'::time,29311,80001,33111);
INSERT INTO Slot (SLOT_ID,ACTIVE,SLOT_END,SLOT_STATUS,SLOT_START,APPOINTMENT_TYPE,SCHEDULE,SERVICE_CATEGORY) VALUES(80007,TRUE,current_date + '11:45:00'::time,0,current_date + '11:30:01'::time,29311,80001,33111);
INSERT INTO Slot (SLOT_ID,ACTIVE,SLOT_END,SLOT_STATUS,SLOT_START,APPOINTMENT_TYPE,SCHEDULE,SERVICE_CATEGORY) VALUES(80008,TRUE,current_date + '12:00:00'::time,1,current_date + '11:45:01'::time,29311,80001,33111);
INSERT INTO Slot (SLOT_ID,ACTIVE,SLOT_END,SLOT_STATUS,SLOT_START,APPOINTMENT_TYPE,SCHEDULE,SERVICE_CATEGORY) VALUES(80009,TRUE,current_date + '12:15:00'::time,0,current_date + '12:00:01'::time,29311,80001,33111);
INSERT INTO Slot (SLOT_ID,ACTIVE,SLOT_END,SLOT_STATUS,SLOT_START,APPOINTMENT_TYPE,SCHEDULE,SERVICE_CATEGORY) VALUES(80010,TRUE,current_date + '12:30:00'::time,1,current_date + '12:15:01'::time,29311,80001,33111);
INSERT INTO Slot (SLOT_ID,ACTIVE,SLOT_END,SLOT_STATUS,SLOT_START,APPOINTMENT_TYPE,SCHEDULE,SERVICE_CATEGORY) VALUES(80011,TRUE,current_date + '10:15:00'::time,1,current_date + '10:00:00'::time,29311,80002,33107);
INSERT INTO Slot (SLOT_ID,ACTIVE,SLOT_END,SLOT_STATUS,SLOT_START,APPOINTMENT_TYPE,SCHEDULE,SERVICE_CATEGORY) VALUES(80012,TRUE,current_date + '10:30:00'::time,0,current_date + '10:15:01'::time,29311,80002,33107);
INSERT INTO Slot (SLOT_ID,ACTIVE,SLOT_END,SLOT_STATUS,SLOT_START,APPOINTMENT_TYPE,SCHEDULE,SERVICE_CATEGORY) VALUES(80013,TRUE,current_date + '10:45:00'::time,1,current_date + '10:30:01'::time,29311,80002,33107);
INSERT INTO Slot (SLOT_ID,ACTIVE,SLOT_END,SLOT_STATUS,SLOT_START,APPOINTMENT_TYPE,SCHEDULE,SERVICE_CATEGORY) VALUES(80014,TRUE,current_date + '11:10:00'::time,0,current_date + '10:45:01'::time,29311,80002,33107);
INSERT INTO Slot (SLOT_ID,ACTIVE,SLOT_END,SLOT_STATUS,SLOT_START,APPOINTMENT_TYPE,SCHEDULE,SERVICE_CATEGORY) VALUES(80015,TRUE,current_date + '11:15:00'::time,1,current_date + '11:00:01'::time,29311,80002,33107);
INSERT INTO Slot (SLOT_ID,ACTIVE,SLOT_END,SLOT_STATUS,SLOT_START,APPOINTMENT_TYPE,SCHEDULE,SERVICE_CATEGORY) VALUES(80016,TRUE,current_date + '11:30:00'::time,1,current_date + '11:15:01'::time,29311,80002,33107);
INSERT INTO Slot (SLOT_ID,ACTIVE,SLOT_END,SLOT_STATUS,SLOT_START,APPOINTMENT_TYPE,SCHEDULE,SERVICE_CATEGORY) VALUES(80017,TRUE,current_date + '11:45:00'::time,0,current_date + '11:30:01'::time,29311,80002,33107);
INSERT INTO Slot (SLOT_ID,ACTIVE,SLOT_END,SLOT_STATUS,SLOT_START,APPOINTMENT_TYPE,SCHEDULE,SERVICE_CATEGORY) VALUES(80018,TRUE,current_date + '12:00:00'::time,1,current_date + '11:45:01'::time,29311,80002,33107);
INSERT INTO Slot (SLOT_ID,ACTIVE,SLOT_END,SLOT_STATUS,SLOT_START,APPOINTMENT_TYPE,SCHEDULE,SERVICE_CATEGORY) VALUES(80019,TRUE,current_date + '12:15:00'::time,0,current_date + '12:00:01'::time,29311,80002,33107);
INSERT INTO Slot (SLOT_ID,ACTIVE,SLOT_END,SLOT_STATUS,SLOT_START,APPOINTMENT_TYPE,SCHEDULE,SERVICE_CATEGORY) VALUES(80020,TRUE,current_date + '12:30:00'::time,1,current_date + '12:15:01'::time,29311,80002,33107);
INSERT INTO Slot (SLOT_ID,ACTIVE,SLOT_END,SLOT_STATUS,SLOT_START,APPOINTMENT_TYPE,SCHEDULE,SERVICE_CATEGORY) VALUES(80021,TRUE,current_date + '10:20:00'::time,1,current_date + '10:00:00'::time,29311,80003,33115);
INSERT INTO Slot (SLOT_ID,ACTIVE,SLOT_END,SLOT_STATUS,SLOT_START,APPOINTMENT_TYPE,SCHEDULE,SERVICE_CATEGORY) VALUES(80022,TRUE,current_date + '10:40:00'::time,0,current_date + '10:20:01'::time,29311,80003,33115);
INSERT INTO Slot (SLOT_ID,ACTIVE,SLOT_END,SLOT_STATUS,SLOT_START,APPOINTMENT_TYPE,SCHEDULE,SERVICE_CATEGORY) VALUES(80023,TRUE,current_date + '11:00:00'::time,1,current_date + '10:40:01'::time,29311,80003,33115);
INSERT INTO Slot (SLOT_ID,ACTIVE,SLOT_END,SLOT_STATUS,SLOT_START,APPOINTMENT_TYPE,SCHEDULE,SERVICE_CATEGORY) VALUES(80024,TRUE,current_date + '11:20:00'::time,0,current_date + '11:00:01'::time,29311,80003,33115);
INSERT INTO Slot (SLOT_ID,ACTIVE,SLOT_END,SLOT_STATUS,SLOT_START,APPOINTMENT_TYPE,SCHEDULE,SERVICE_CATEGORY) VALUES(80025,TRUE,current_date + '11:40:00'::time,1,current_date + '11:20:01'::time,29311,80003,33115);
INSERT INTO Slot (SLOT_ID,ACTIVE,SLOT_END,SLOT_STATUS,SLOT_START,APPOINTMENT_TYPE,SCHEDULE,SERVICE_CATEGORY) VALUES(80026,TRUE,current_date + '12:00:00'::time,1,current_date + '11:40:01'::time,29311,80003,33115);
INSERT INTO Slot (SLOT_ID,ACTIVE,SLOT_END,SLOT_STATUS,SLOT_START,APPOINTMENT_TYPE,SCHEDULE,SERVICE_CATEGORY) VALUES(80027,TRUE,current_date + '12:20:00'::time,0,current_date + '12:00:01'::time,29311,80003,33115);
INSERT INTO Slot (SLOT_ID,ACTIVE,SLOT_END,SLOT_STATUS,SLOT_START,APPOINTMENT_TYPE,SCHEDULE,SERVICE_CATEGORY) VALUES(80028,TRUE,current_date + '12:40:00'::time,1,current_date + '12:20:01'::time,29311,80003,33115);
INSERT INTO Slot (SLOT_ID,ACTIVE,SLOT_END,SLOT_STATUS,SLOT_START,APPOINTMENT_TYPE,SCHEDULE,SERVICE_CATEGORY) VALUES(80029,TRUE,current_date + '13:00:00'::time,0,current_date + '12:40:01'::time,29311,80003,33115);
INSERT INTO Slot (SLOT_ID,ACTIVE,SLOT_END,SLOT_STATUS,SLOT_START,APPOINTMENT_TYPE,SCHEDULE,SERVICE_CATEGORY) VALUES(80030,TRUE,current_date + '13:20:00'::time,1,current_date + '13:00:01'::time,29311,80003,33115);
INSERT INTO Slot (SLOT_ID,ACTIVE,SLOT_END,SLOT_STATUS,SLOT_START,APPOINTMENT_TYPE,SCHEDULE,SERVICE_CATEGORY) VALUES(80031,TRUE,current_date + '10:15:00'::time,1,current_date + '10:00:00'::time,29311,80004,33115);
INSERT INTO Slot (SLOT_ID,ACTIVE,SLOT_END,SLOT_STATUS,SLOT_START,APPOINTMENT_TYPE,SCHEDULE,SERVICE_CATEGORY) VALUES(80032,TRUE,current_date + '10:30:00'::time,0,current_date + '10:15:01'::time,29311,80004,33115);
INSERT INTO Slot (SLOT_ID,ACTIVE,SLOT_END,SLOT_STATUS,SLOT_START,APPOINTMENT_TYPE,SCHEDULE,SERVICE_CATEGORY) VALUES(80033,TRUE,current_date + '10:45:00'::time,1,current_date + '10:30:01'::time,29311,80004,33115);
INSERT INTO Slot (SLOT_ID,ACTIVE,SLOT_END,SLOT_STATUS,SLOT_START,APPOINTMENT_TYPE,SCHEDULE,SERVICE_CATEGORY) VALUES(80034,TRUE,current_date + '11:10:00'::time,0,current_date + '10:45:01'::time,29311,80004,33115);
INSERT INTO Slot (SLOT_ID,ACTIVE,SLOT_END,SLOT_STATUS,SLOT_START,APPOINTMENT_TYPE,SCHEDULE,SERVICE_CATEGORY) VALUES(80035,TRUE,current_date + '11:15:00'::time,1,current_date + '11:00:01'::time,29311,80004,33115);
INSERT INTO Slot (SLOT_ID,ACTIVE,SLOT_END,SLOT_STATUS,SLOT_START,APPOINTMENT_TYPE,SCHEDULE,SERVICE_CATEGORY) VALUES(80036,TRUE,current_date + '11:30:00'::time,1,current_date + '11:15:01'::time,29311,80004,33115);
INSERT INTO Slot (SLOT_ID,ACTIVE,SLOT_END,SLOT_STATUS,SLOT_START,APPOINTMENT_TYPE,SCHEDULE,SERVICE_CATEGORY) VALUES(80037,TRUE,current_date + '11:45:00'::time,0,current_date + '11:30:01'::time,29311,80004,33115);
INSERT INTO Slot (SLOT_ID,ACTIVE,SLOT_END,SLOT_STATUS,SLOT_START,APPOINTMENT_TYPE,SCHEDULE,SERVICE_CATEGORY) VALUES(80038,TRUE,current_date + '12:00:00'::time,1,current_date + '11:45:01'::time,29311,80004,33115);
INSERT INTO Slot (SLOT_ID,ACTIVE,SLOT_END,SLOT_STATUS,SLOT_START,APPOINTMENT_TYPE,SCHEDULE,SERVICE_CATEGORY) VALUES(80039,TRUE,current_date + '12:15:00'::time,0,current_date + '12:00:01'::time,29311,80004,33115);
INSERT INTO Slot (SLOT_ID,ACTIVE,SLOT_END,SLOT_STATUS,SLOT_START,APPOINTMENT_TYPE,SCHEDULE,SERVICE_CATEGORY) VALUES(80040,TRUE,current_date + '12:30:00'::time,1,current_date + '12:15:01'::time,29311,80004,33115);
INSERT INTO Slot (SLOT_ID,ACTIVE,SLOT_END,SLOT_STATUS,SLOT_START,APPOINTMENT_TYPE,SCHEDULE,SERVICE_CATEGORY) VALUES(80041,TRUE,current_date + '10:15:00'::time,1,current_date + '10:00:00'::time,29311,80005,33118);
INSERT INTO Slot (SLOT_ID,ACTIVE,SLOT_END,SLOT_STATUS,SLOT_START,APPOINTMENT_TYPE,SCHEDULE,SERVICE_CATEGORY) VALUES(80042,TRUE,current_date + '10:30:00'::time,0,current_date + '10:15:01'::time,29311,80005,33118);
INSERT INTO Slot (SLOT_ID,ACTIVE,SLOT_END,SLOT_STATUS,SLOT_START,APPOINTMENT_TYPE,SCHEDULE,SERVICE_CATEGORY) VALUES(80043,TRUE,current_date + '10:45:00'::time,1,current_date + '10:30:01'::time,29311,80005,33118);
INSERT INTO Slot (SLOT_ID,ACTIVE,SLOT_END,SLOT_STATUS,SLOT_START,APPOINTMENT_TYPE,SCHEDULE,SERVICE_CATEGORY) VALUES(80044,TRUE,current_date + '11:10:00'::time,0,current_date + '10:45:01'::time,29311,80005,33118);
INSERT INTO Slot (SLOT_ID,ACTIVE,SLOT_END,SLOT_STATUS,SLOT_START,APPOINTMENT_TYPE,SCHEDULE,SERVICE_CATEGORY) VALUES(80045,TRUE,current_date + '11:15:00'::time,1,current_date + '11:00:01'::time,29311,80005,33118);
INSERT INTO Slot (SLOT_ID,ACTIVE,SLOT_END,SLOT_STATUS,SLOT_START,APPOINTMENT_TYPE,SCHEDULE,SERVICE_CATEGORY) VALUES(80046,TRUE,current_date + '11:30:00'::time,1,current_date + '11:15:01'::time,29311,80005,33118);
INSERT INTO Slot (SLOT_ID,ACTIVE,SLOT_END,SLOT_STATUS,SLOT_START,APPOINTMENT_TYPE,SCHEDULE,SERVICE_CATEGORY) VALUES(80047,TRUE,current_date + '11:45:00'::time,0,current_date + '11:30:01'::time,29311,80005,33118);
INSERT INTO Slot (SLOT_ID,ACTIVE,SLOT_END,SLOT_STATUS,SLOT_START,APPOINTMENT_TYPE,SCHEDULE,SERVICE_CATEGORY) VALUES(80048,TRUE,current_date + '12:00:00'::time,1,current_date + '11:45:01'::time,29311,80005,33118);
INSERT INTO Slot (SLOT_ID,ACTIVE,SLOT_END,SLOT_STATUS,SLOT_START,APPOINTMENT_TYPE,SCHEDULE,SERVICE_CATEGORY) VALUES(80049,TRUE,current_date + '12:15:00'::time,0,current_date + '12:00:01'::time,29311,80005,33118);
INSERT INTO Slot (SLOT_ID,ACTIVE,SLOT_END,SLOT_STATUS,SLOT_START,APPOINTMENT_TYPE,SCHEDULE,SERVICE_CATEGORY) VALUES(80050,TRUE,current_date + '12:30:00'::time,1,current_date + '12:15:01'::time,29311,80005,33118);
